uid,nombreusuario,username,correo,direccionusuario,fechainicio,fechatermino,hid,nombrehotel,direccionhotel,telefono,precionoche,nombreciudad
36,Jessica Graham,JessicaGraham,Jessica.Graham@gmail.com,"65431 Harris Plaza Apt. 658 Hillhaven, NV 54338",2018-07-27,2018-07-28,10,Hilton Florence Metropole,"518 Hall Dam New Jesse, NM 01087",233-347-518,30,Florencia
12,Mrs. Jennifer Herrera,Mrs.Jennifer,Mrs..Jennifer@gmail.com,"789 Cynthia Canyon Suite 606 Robintown, MA 16782",2019-01-21,2019-01-27,13,CitizenM Paris,"833 Flores Key Suite 707 South Elizabethchester, IA 08393",799-491-215,50,París
44,Oscar Caldwell,OscarCaldwell,Oscar.Caldwell@gmail.com,"982 Andrew Underpass Suite 779 New Michaelshire, OH 97878",2018-05-18,2018-05-25,20,The Sanctuary House Hotel,"1281 Robert Mountain Schneidermouth, HI 23898",698-634-912,70,Westminster
32,Darren Gray,DarrenGray,Darren.Gray@gmail.com,"95058 Powers Island Johnsonside, WA 89838",2020-01-02,2020-01-12,15,Le cocon de Leon,"8927 Hurst Harbor Apt. 156 Timothyfort, CA 72308",485-531-155,55,Nancy
5,Mark Dalton,MarkDalton,Mark.Dalton@gmail.com,"876 Gabriel Plaza Port Brandonburgh, DC 44886",2019-07-19,2019-07-21,3,Domo Vaticano,"7802 Scott Garden Apt. 827 Jerryport, WI 13545",647-252-126,30,Roma
35,James Brooks,JamesBrooks,James.Brooks@gmail.com,"701 Tonya Hills Brittanyport, NJ 91013",2018-01-23,2018-02-04,9,Hotel Jane,"65223 Valdez Viaduct Lake Seanview, WY 97324",214-454-587,23,Florencia
17,Vincent Leonard,VincentLeonard,Vincent.Leonard@gmail.com,"08849 Kevin Rapids New Baileytown, WY 45966",2018-06-27,2018-07-10,18,PitufiHotel,"PSC 3268, Box 6667 APO AE 63637",241-126-819,20,Antwerp
49,Aaron Estrada,AaronEstrada,Aaron.Estrada@gmail.com,"48764 Clark Ramp Bradfordmouth, UT 55780",2019-08-03,2019-08-17,15,Le cocon de Leon,"8927 Hurst Harbor Apt. 156 Timothyfort, CA 72308",485-531-155,55,Nancy
24,Nicholas Dunn,NicholasDunn,Nicholas.Dunn@gmail.com,"61079 Thomas Shore Gardnerton, IN 15710",2020-11-27,2020-11-28,2,Palazzo Coliseo,"8183 Michael Glen Apt. 437 Petersonland, VA 66579",771-764-467,43,Roma
12,Mrs. Jennifer Herrera,Mrs.Jennifer,Mrs..Jennifer@gmail.com,"789 Cynthia Canyon Suite 606 Robintown, MA 16782",2018-01-05,2018-01-15,20,The Sanctuary House Hotel,"1281 Robert Mountain Schneidermouth, HI 23898",698-634-912,70,Westminster
29,Sheila Hubbard,SheilaHubbard,Sheila.Hubbard@gmail.com,USNV Reyes FPO AE 86453,2018-08-20,2018-08-22,16,Royal Hotel,"37962 Sanders Circles Apt. 357 Port Timothy, TN 24656",315-196-562,30,Bruselas
15,Vernon Gonzales,VernonGonzales,Vernon.Gonzales@gmail.com,"8703 Amy Pike Garciachester, IA 27013",2019-10-23,2019-11-01,13,CitizenM Paris,"833 Flores Key Suite 707 South Elizabethchester, IA 08393",799-491-215,50,París
8,Gregory Jones,GregoryJones,Gregory.Jones@gmail.com,"715 John Falls Apt. 167 Alyssashire, KY 79697",2020-09-04,2020-09-15,7,Hotel delle Nazioni,"511 Karen Neck Terriborough, WV 55292",321-718-523,28,Florencia
14,Meredith Lindsey,MeredithLindsey,Meredith.Lindsey@gmail.com,"0125 Pamela Roads Suite 573 Robertview, TN 81130",2018-07-07,2018-07-21,1,Hotel Roma,"PSC 1716, Box 5186 APO AP 18920",294-527-692,35,Roma
2,Chad Holloway,ChadHolloway,Chad.Holloway@gmail.com,"075 Samantha Mews Jeremiahberg, MD 35545",2020-04-11,2020-04-20,1,Hotel Roma,"PSC 1716, Box 5186 APO AP 18920",294-527-692,35,Roma
48,Kenneth Miller,KennethMiller,Kenneth.Miller@gmail.com,"60602 Henderson Fords Apt. 764 North Frankhaven, HI 85863",2018-06-23,2018-07-01,19,B&B Hotel Dresden,"703 Garcia Drive Suite 239 West Carolside, NV 09666",633-564-612,35,Dresde
3,Phillip Hall,PhillipHall,Phillip.Hall@gmail.com,"9349 Petersen Meadows Jonesland, WY 40858",2018-09-05,2018-09-09,9,Hotel Jane,"65223 Valdez Viaduct Lake Seanview, WY 97324",214-454-587,23,Florencia
23,Charles Esparza,CharlesEsparza,Charles.Esparza@gmail.com,"0680 Adam Key South Chad, HI 15004",2020-03-04,2020-03-17,17,Hotel Phenix,Unit 6357 Box 9808 DPO AA 45781,282-833-326,38,Bruselas
3,Phillip Hall,PhillipHall,Phillip.Hall@gmail.com,"9349 Petersen Meadows Jonesland, WY 40858",2018-07-18,2018-07-24,9,Hotel Jane,"65223 Valdez Viaduct Lake Seanview, WY 97324",214-454-587,23,Florencia
32,Darren Gray,DarrenGray,Darren.Gray@gmail.com,"95058 Powers Island Johnsonside, WA 89838",2018-09-01,2018-09-10,21,Hotel Rex Milano,"71677 Theresa Fields Chadchester, TN 58947",527-989-688,21,Milán
18,Joshua Hansen,JoshuaHansen,Joshua.Hansen@gmail.com,Unit 9153 Box 5256 DPO AA 17953,2019-05-06,2019-05-13,12,Eiffel Hotel,"PSC 4851, Box 9887 APO AP 86712",717-744-934,70,París
40,Jason Kemp,JasonKemp,Jason.Kemp@gmail.com,"51005 Timothy Underpass Woodsburgh, VA 21674",2019-04-01,2019-04-12,17,Hotel Phenix,Unit 6357 Box 9808 DPO AA 45781,282-833-326,38,Bruselas
3,Phillip Hall,PhillipHall,Phillip.Hall@gmail.com,"9349 Petersen Meadows Jonesland, WY 40858",2018-11-26,2018-12-07,18,PitufiHotel,"PSC 3268, Box 6667 APO AE 63637",241-126-819,20,Antwerp
26,Brian Duke,BrianDuke,Brian.Duke@gmail.com,"400 Thompson Springs Port Amyland, AR 65691",2019-06-07,2019-06-12,14,Hyatt Regency Chantilly,"9381 Melissa Walks Apt. 623 Port Barbarafurt, MI 38305",441-127-177,50,Chantilly
8,Gregory Jones,GregoryJones,Gregory.Jones@gmail.com,"715 John Falls Apt. 167 Alyssashire, KY 79697",2018-01-16,2018-01-22,5,DomusAmor Navona,"47081 Rosales Islands Suite 864 Port Sydney, UT 33108",998-171-811,18,Roma
9,Karen Conley,KarenConley,Karen.Conley@gmail.com,"1364 Michael Hill Suite 750 Madisontown, CT 37329",2018-12-20,2018-12-28,13,CitizenM Paris,"833 Flores Key Suite 707 South Elizabethchester, IA 08393",799-491-215,50,París
4,Emily Jackson,EmilyJackson,Emily.Jackson@gmail.com,"PSC 0039, Box 7414 APO AE 01858",2018-12-21,2018-12-31,18,PitufiHotel,"PSC 3268, Box 6667 APO AE 63637",241-126-819,20,Antwerp
16,Jack Myers,JackMyers,Jack.Myers@gmail.com,"3556 Tamara Road Apt. 376 North Maryshire, NC 83844",2019-07-06,2019-07-13,4,Hotel Trastevere,Unit 5444 Box 3960 DPO AE 23180,738-387-267,22,Roma
26,Brian Duke,BrianDuke,Brian.Duke@gmail.com,"400 Thompson Springs Port Amyland, AR 65691",2018-02-13,2018-02-14,18,PitufiHotel,"PSC 3268, Box 6667 APO AE 63637",241-126-819,20,Antwerp
45,David Randall,DavidRandall,David.Randall@gmail.com,"PSC 0949, Box 2041 APO AA 71725",2018-01-24,2018-02-02,3,Domo Vaticano,"7802 Scott Garden Apt. 827 Jerryport, WI 13545",647-252-126,30,Roma
5,Mark Dalton,MarkDalton,Mark.Dalton@gmail.com,"876 Gabriel Plaza Port Brandonburgh, DC 44886",2020-02-14,2020-02-16,16,Royal Hotel,"37962 Sanders Circles Apt. 357 Port Timothy, TN 24656",315-196-562,30,Bruselas
23,Charles Esparza,CharlesEsparza,Charles.Esparza@gmail.com,"0680 Adam Key South Chad, HI 15004",2020-05-27,2020-06-06,15,Le cocon de Leon,"8927 Hurst Harbor Apt. 156 Timothyfort, CA 72308",485-531-155,55,Nancy
26,Brian Duke,BrianDuke,Brian.Duke@gmail.com,"400 Thompson Springs Port Amyland, AR 65691",2018-02-09,2018-02-20,12,Eiffel Hotel,"PSC 4851, Box 9887 APO AP 86712",717-744-934,70,París
20,Justin Gonzalez,JustinGonzalez,Justin.Gonzalez@gmail.com,"6493 Davis Walks Suite 766 New Robert, ME 32152",2019-12-04,2019-12-18,3,Domo Vaticano,"7802 Scott Garden Apt. 827 Jerryport, WI 13545",647-252-126,30,Roma
4,Emily Jackson,EmilyJackson,Emily.Jackson@gmail.com,"PSC 0039, Box 7414 APO AE 01858",2018-01-18,2018-01-21,8,Hotel Alba Palace,"8300 Kemp Gateway Suite 979 Blackhaven, WV 71663",745-819-474,25,Florencia
29,Sheila Hubbard,SheilaHubbard,Sheila.Hubbard@gmail.com,USNV Reyes FPO AE 86453,2020-08-20,2020-08-27,4,Hotel Trastevere,Unit 5444 Box 3960 DPO AE 23180,738-387-267,22,Roma
49,Aaron Estrada,AaronEstrada,Aaron.Estrada@gmail.com,"48764 Clark Ramp Bradfordmouth, UT 55780",2019-12-26,2020-01-07,18,PitufiHotel,"PSC 3268, Box 6667 APO AE 63637",241-126-819,20,Antwerp
32,Darren Gray,DarrenGray,Darren.Gray@gmail.com,"95058 Powers Island Johnsonside, WA 89838",2018-05-18,2018-05-22,16,Royal Hotel,"37962 Sanders Circles Apt. 357 Port Timothy, TN 24656",315-196-562,30,Bruselas
38,Debra Franklin,DebraFranklin,Debra.Franklin@gmail.com,"056 Richard Heights Suite 943 Port Kristibury, SD 75378",2018-12-13,2018-12-24,12,Eiffel Hotel,"PSC 4851, Box 9887 APO AP 86712",717-744-934,70,París
14,Meredith Lindsey,MeredithLindsey,Meredith.Lindsey@gmail.com,"0125 Pamela Roads Suite 573 Robertview, TN 81130",2018-10-15,2018-10-20,18,PitufiHotel,"PSC 3268, Box 6667 APO AE 63637",241-126-819,20,Antwerp
2,Chad Holloway,ChadHolloway,Chad.Holloway@gmail.com,"075 Samantha Mews Jeremiahberg, MD 35545",2018-09-11,2018-09-16,3,Domo Vaticano,"7802 Scott Garden Apt. 827 Jerryport, WI 13545",647-252-126,30,Roma
10,Matthew Randall,MatthewRandall,Matthew.Randall@gmail.com,"639 Theresa Causeway New Kimberly, OH 15747",2019-01-16,2019-01-28,12,Eiffel Hotel,"PSC 4851, Box 9887 APO AP 86712",717-744-934,70,París
41,Jennifer Smith,JenniferSmith,Jennifer.Smith@gmail.com,"783 Kimberly Court Apt. 695 East Sharon, TN 15847",2019-09-06,2019-09-07,5,DomusAmor Navona,"47081 Rosales Islands Suite 864 Port Sydney, UT 33108",998-171-811,18,Roma
14,Meredith Lindsey,MeredithLindsey,Meredith.Lindsey@gmail.com,"0125 Pamela Roads Suite 573 Robertview, TN 81130",2018-10-03,2018-10-15,19,B&B Hotel Dresden,"703 Garcia Drive Suite 239 West Carolside, NV 09666",633-564-612,35,Dresde
9,Karen Conley,KarenConley,Karen.Conley@gmail.com,"1364 Michael Hill Suite 750 Madisontown, CT 37329",2018-12-15,2018-12-21,19,B&B Hotel Dresden,"703 Garcia Drive Suite 239 West Carolside, NV 09666",633-564-612,35,Dresde
24,Nicholas Dunn,NicholasDunn,Nicholas.Dunn@gmail.com,"61079 Thomas Shore Gardnerton, IN 15710",2019-07-04,2019-07-15,17,Hotel Phenix,Unit 6357 Box 9808 DPO AA 45781,282-833-326,38,Bruselas
34,Frances Henry,FrancesHenry,Frances.Henry@gmail.com,USNS Fitzpatrick FPO AP 74170,2018-05-23,2018-06-05,17,Hotel Phenix,Unit 6357 Box 9808 DPO AA 45781,282-833-326,38,Bruselas
14,Meredith Lindsey,MeredithLindsey,Meredith.Lindsey@gmail.com,"0125 Pamela Roads Suite 573 Robertview, TN 81130",2020-07-14,2020-07-15,19,B&B Hotel Dresden,"703 Garcia Drive Suite 239 West Carolside, NV 09666",633-564-612,35,Dresde
45,David Randall,DavidRandall,David.Randall@gmail.com,"PSC 0949, Box 2041 APO AA 71725",2019-12-05,2019-12-19,15,Le cocon de Leon,"8927 Hurst Harbor Apt. 156 Timothyfort, CA 72308",485-531-155,55,Nancy
9,Karen Conley,KarenConley,Karen.Conley@gmail.com,"1364 Michael Hill Suite 750 Madisontown, CT 37329",2018-07-25,2018-08-02,6,Roma Gondola,"75237 Ross Radial Ashleeburgh, GA 15492",734-544-857,20,Roma
45,David Randall,DavidRandall,David.Randall@gmail.com,"PSC 0949, Box 2041 APO AA 71725",2020-07-15,2020-07-22,3,Domo Vaticano,"7802 Scott Garden Apt. 827 Jerryport, WI 13545",647-252-126,30,Roma
31,Courtney Garcia DDS,CourtneyGarcia,Courtney.Garcia@gmail.com,"794 James Freeway Mathewsfurt, MI 18712",2019-09-21,2019-09-22,6,Roma Gondola,"75237 Ross Radial Ashleeburgh, GA 15492",734-544-857,20,Roma
25,Miguel Santiago,MiguelSantiago,Miguel.Santiago@gmail.com,Unit 8487 Box 8033 DPO AE 08178,2019-05-05,2019-05-10,2,Palazzo Coliseo,"8183 Michael Glen Apt. 437 Petersonland, VA 66579",771-764-467,43,Roma
16,Jack Myers,JackMyers,Jack.Myers@gmail.com,"3556 Tamara Road Apt. 376 North Maryshire, NC 83844",2018-11-19,2018-11-29,20,The Sanctuary House Hotel,"1281 Robert Mountain Schneidermouth, HI 23898",698-634-912,70,Westminster
46,Samuel Sanders,SamuelSanders,Samuel.Sanders@gmail.com,"6968 Harrison Meadows New Meganland, AL 47398",2020-12-27,2021-01-07,21,Hotel Rex Milano,"71677 Theresa Fields Chadchester, TN 58947",527-989-688,21,Milán
33,Mr. Stanley Davis,Mr.Stanley,Mr..Stanley@gmail.com,"47013 Caldwell Parkway Apt. 925 Davidsonmouth, OK 87204",2019-11-08,2019-11-16,21,Hotel Rex Milano,"71677 Theresa Fields Chadchester, TN 58947",527-989-688,21,Milán
35,James Brooks,JamesBrooks,James.Brooks@gmail.com,"701 Tonya Hills Brittanyport, NJ 91013",2020-12-04,2020-12-17,18,PitufiHotel,"PSC 3268, Box 6667 APO AE 63637",241-126-819,20,Antwerp
9,Karen Conley,KarenConley,Karen.Conley@gmail.com,"1364 Michael Hill Suite 750 Madisontown, CT 37329",2018-10-08,2018-10-11,7,Hotel delle Nazioni,"511 Karen Neck Terriborough, WV 55292",321-718-523,28,Florencia
43,Dennis Rios,DennisRios,Dennis.Rios@gmail.com,"008 Rowland Plains Jacksonport, NH 34492",2018-02-14,2018-02-18,16,Royal Hotel,"37962 Sanders Circles Apt. 357 Port Timothy, TN 24656",315-196-562,30,Bruselas
17,Vincent Leonard,VincentLeonard,Vincent.Leonard@gmail.com,"08849 Kevin Rapids New Baileytown, WY 45966",2019-02-28,2019-03-06,3,Domo Vaticano,"7802 Scott Garden Apt. 827 Jerryport, WI 13545",647-252-126,30,Roma
50,Juan Hicks,JuanHicks,Juan.Hicks@gmail.com,"80203 Walter Estates Suite 342 Port Dana, WA 52677",2020-11-26,2020-12-03,2,Palazzo Coliseo,"8183 Michael Glen Apt. 437 Petersonland, VA 66579",771-764-467,43,Roma
26,Brian Duke,BrianDuke,Brian.Duke@gmail.com,"400 Thompson Springs Port Amyland, AR 65691",2019-04-12,2019-04-25,3,Domo Vaticano,"7802 Scott Garden Apt. 827 Jerryport, WI 13545",647-252-126,30,Roma
41,Jennifer Smith,JenniferSmith,Jennifer.Smith@gmail.com,"783 Kimberly Court Apt. 695 East Sharon, TN 15847",2018-06-18,2018-06-21,19,B&B Hotel Dresden,"703 Garcia Drive Suite 239 West Carolside, NV 09666",633-564-612,35,Dresde
45,David Randall,DavidRandall,David.Randall@gmail.com,"PSC 0949, Box 2041 APO AA 71725",2020-09-13,2020-09-21,8,Hotel Alba Palace,"8300 Kemp Gateway Suite 979 Blackhaven, WV 71663",745-819-474,25,Florencia
48,Kenneth Miller,KennethMiller,Kenneth.Miller@gmail.com,"60602 Henderson Fords Apt. 764 North Frankhaven, HI 85863",2020-11-17,2020-11-30,1,Hotel Roma,"PSC 1716, Box 5186 APO AP 18920",294-527-692,35,Roma
4,Emily Jackson,EmilyJackson,Emily.Jackson@gmail.com,"PSC 0039, Box 7414 APO AE 01858",2019-01-16,2019-01-24,20,The Sanctuary House Hotel,"1281 Robert Mountain Schneidermouth, HI 23898",698-634-912,70,Westminster
45,David Randall,DavidRandall,David.Randall@gmail.com,"PSC 0949, Box 2041 APO AA 71725",2018-12-17,2018-12-21,21,Hotel Rex Milano,"71677 Theresa Fields Chadchester, TN 58947",527-989-688,21,Milán
27,Michael Hernandez,MichaelHernandez,Michael.Hernandez@gmail.com,"72374 Sandra Haven New Andrewstad, NV 94835",2019-02-13,2019-02-25,21,Hotel Rex Milano,"71677 Theresa Fields Chadchester, TN 58947",527-989-688,21,Milán
17,Vincent Leonard,VincentLeonard,Vincent.Leonard@gmail.com,"08849 Kevin Rapids New Baileytown, WY 45966",2018-09-09,2018-09-20,19,B&B Hotel Dresden,"703 Garcia Drive Suite 239 West Carolside, NV 09666",633-564-612,35,Dresde
48,Kenneth Miller,KennethMiller,Kenneth.Miller@gmail.com,"60602 Henderson Fords Apt. 764 North Frankhaven, HI 85863",2019-09-08,2019-09-15,2,Palazzo Coliseo,"8183 Michael Glen Apt. 437 Petersonland, VA 66579",771-764-467,43,Roma
34,Frances Henry,FrancesHenry,Frances.Henry@gmail.com,USNS Fitzpatrick FPO AP 74170,2019-11-05,2019-11-07,9,Hotel Jane,"65223 Valdez Viaduct Lake Seanview, WY 97324",214-454-587,23,Florencia
32,Darren Gray,DarrenGray,Darren.Gray@gmail.com,"95058 Powers Island Johnsonside, WA 89838",2018-04-28,2018-04-30,16,Royal Hotel,"37962 Sanders Circles Apt. 357 Port Timothy, TN 24656",315-196-562,30,Bruselas
1,Christina Brown,ChristinaBrown,Christina.Brown@gmail.com,"145 Fisher Plain Port Phillipville, OH 56904",2018-08-24,2018-08-26,17,Hotel Phenix,Unit 6357 Box 9808 DPO AA 45781,282-833-326,38,Bruselas
24,Nicholas Dunn,NicholasDunn,Nicholas.Dunn@gmail.com,"61079 Thomas Shore Gardnerton, IN 15710",2020-10-08,2020-10-17,11,Montparnasse,"0943 Harmon Ways Collinsburgh, ME 20733",692-622-914,60,París
23,Charles Esparza,CharlesEsparza,Charles.Esparza@gmail.com,"0680 Adam Key South Chad, HI 15004",2019-07-21,2019-07-30,4,Hotel Trastevere,Unit 5444 Box 3960 DPO AE 23180,738-387-267,22,Roma
1,Christina Brown,ChristinaBrown,Christina.Brown@gmail.com,"145 Fisher Plain Port Phillipville, OH 56904",2020-01-09,2020-01-11,3,Domo Vaticano,"7802 Scott Garden Apt. 827 Jerryport, WI 13545",647-252-126,30,Roma
31,Courtney Garcia DDS,CourtneyGarcia,Courtney.Garcia@gmail.com,"794 James Freeway Mathewsfurt, MI 18712",2019-05-06,2019-05-18,4,Hotel Trastevere,Unit 5444 Box 3960 DPO AE 23180,738-387-267,22,Roma
27,Michael Hernandez,MichaelHernandez,Michael.Hernandez@gmail.com,"72374 Sandra Haven New Andrewstad, NV 94835",2019-05-12,2019-05-15,21,Hotel Rex Milano,"71677 Theresa Fields Chadchester, TN 58947",527-989-688,21,Milán
25,Miguel Santiago,MiguelSantiago,Miguel.Santiago@gmail.com,Unit 8487 Box 8033 DPO AE 08178,2019-01-11,2019-01-22,11,Montparnasse,"0943 Harmon Ways Collinsburgh, ME 20733",692-622-914,60,París
13,Sabrina Wang,SabrinaWang,Sabrina.Wang@gmail.com,"2566 Emily Ports Suite 151 Jamesshire, LA 84360",2018-06-06,2018-06-18,21,Hotel Rex Milano,"71677 Theresa Fields Chadchester, TN 58947",527-989-688,21,Milán
44,Oscar Caldwell,OscarCaldwell,Oscar.Caldwell@gmail.com,"982 Andrew Underpass Suite 779 New Michaelshire, OH 97878",2018-08-22,2018-08-26,19,B&B Hotel Dresden,"703 Garcia Drive Suite 239 West Carolside, NV 09666",633-564-612,35,Dresde
13,Sabrina Wang,SabrinaWang,Sabrina.Wang@gmail.com,"2566 Emily Ports Suite 151 Jamesshire, LA 84360",2019-02-26,2019-03-05,8,Hotel Alba Palace,"8300 Kemp Gateway Suite 979 Blackhaven, WV 71663",745-819-474,25,Florencia
22,John Morrow,JohnMorrow,John.Morrow@gmail.com,"3115 Ronald Radial Suite 453 Carrfort, OK 90593",2018-07-03,2018-07-17,4,Hotel Trastevere,Unit 5444 Box 3960 DPO AE 23180,738-387-267,22,Roma
18,Joshua Hansen,JoshuaHansen,Joshua.Hansen@gmail.com,Unit 9153 Box 5256 DPO AA 17953,2019-04-15,2019-04-21,17,Hotel Phenix,Unit 6357 Box 9808 DPO AA 45781,282-833-326,38,Bruselas
39,George Stout,GeorgeStout,George.Stout@gmail.com,"50663 Stacy Isle Georgefurt, PA 81787",2018-05-26,2018-05-31,6,Roma Gondola,"75237 Ross Radial Ashleeburgh, GA 15492",734-544-857,20,Roma
43,Dennis Rios,DennisRios,Dennis.Rios@gmail.com,"008 Rowland Plains Jacksonport, NH 34492",2019-03-13,2019-03-27,8,Hotel Alba Palace,"8300 Kemp Gateway Suite 979 Blackhaven, WV 71663",745-819-474,25,Florencia
37,Shannon Tucker,ShannonTucker,Shannon.Tucker@gmail.com,"2643 Brian Lakes Aguirrebury, CA 70775",2019-05-28,2019-06-10,5,DomusAmor Navona,"47081 Rosales Islands Suite 864 Port Sydney, UT 33108",998-171-811,18,Roma
32,Darren Gray,DarrenGray,Darren.Gray@gmail.com,"95058 Powers Island Johnsonside, WA 89838",2018-06-06,2018-06-07,12,Eiffel Hotel,"PSC 4851, Box 9887 APO AP 86712",717-744-934,70,París
47,Eric Marshall,EricMarshall,Eric.Marshall@gmail.com,"7729 Bradford Springs Apt. 296 Christieland, AL 52634",2020-06-07,2020-06-17,16,Royal Hotel,"37962 Sanders Circles Apt. 357 Port Timothy, TN 24656",315-196-562,30,Bruselas
20,Justin Gonzalez,JustinGonzalez,Justin.Gonzalez@gmail.com,"6493 Davis Walks Suite 766 New Robert, ME 32152",2018-10-10,2018-10-17,17,Hotel Phenix,Unit 6357 Box 9808 DPO AA 45781,282-833-326,38,Bruselas
47,Eric Marshall,EricMarshall,Eric.Marshall@gmail.com,"7729 Bradford Springs Apt. 296 Christieland, AL 52634",2019-06-03,2019-06-06,15,Le cocon de Leon,"8927 Hurst Harbor Apt. 156 Timothyfort, CA 72308",485-531-155,55,Nancy
17,Vincent Leonard,VincentLeonard,Vincent.Leonard@gmail.com,"08849 Kevin Rapids New Baileytown, WY 45966",2018-12-13,2018-12-24,12,Eiffel Hotel,"PSC 4851, Box 9887 APO AP 86712",717-744-934,70,París
30,Sheila Holmes,SheilaHolmes,Sheila.Holmes@gmail.com,"4518 Johnson Throughway Mayshaven, KS 69102",2018-08-13,2018-08-15,5,DomusAmor Navona,"47081 Rosales Islands Suite 864 Port Sydney, UT 33108",998-171-811,18,Roma
31,Courtney Garcia DDS,CourtneyGarcia,Courtney.Garcia@gmail.com,"794 James Freeway Mathewsfurt, MI 18712",2020-01-19,2020-01-20,4,Hotel Trastevere,Unit 5444 Box 3960 DPO AE 23180,738-387-267,22,Roma
20,Justin Gonzalez,JustinGonzalez,Justin.Gonzalez@gmail.com,"6493 Davis Walks Suite 766 New Robert, ME 32152",2020-08-26,2020-08-28,5,DomusAmor Navona,"47081 Rosales Islands Suite 864 Port Sydney, UT 33108",998-171-811,18,Roma
1,Christina Brown,ChristinaBrown,Christina.Brown@gmail.com,"145 Fisher Plain Port Phillipville, OH 56904",2020-06-01,2020-06-09,1,Hotel Roma,"PSC 1716, Box 5186 APO AP 18920",294-527-692,35,Roma
20,Justin Gonzalez,JustinGonzalez,Justin.Gonzalez@gmail.com,"6493 Davis Walks Suite 766 New Robert, ME 32152",2018-09-09,2018-09-11,4,Hotel Trastevere,Unit 5444 Box 3960 DPO AE 23180,738-387-267,22,Roma
33,Mr. Stanley Davis,Mr.Stanley,Mr..Stanley@gmail.com,"47013 Caldwell Parkway Apt. 925 Davidsonmouth, OK 87204",2020-12-08,2020-12-19,15,Le cocon de Leon,"8927 Hurst Harbor Apt. 156 Timothyfort, CA 72308",485-531-155,55,Nancy
6,John Mitchell,JohnMitchell,John.Mitchell@gmail.com,"7247 April Ville Suite 533 West Christinashire, NM 20136",2019-07-25,2019-08-08,20,The Sanctuary House Hotel,"1281 Robert Mountain Schneidermouth, HI 23898",698-634-912,70,Westminster
11,Matthew Walker,MatthewWalker,Matthew.Walker@gmail.com,"9994 Denise Mills Suite 245 Samanthashire, ID 56928",2018-12-11,2018-12-17,1,Hotel Roma,"PSC 1716, Box 5186 APO AP 18920",294-527-692,35,Roma
21,Matthew Hardy,MatthewHardy,Matthew.Hardy@gmail.com,"7653 Michelle Extensions Apt. 073 New Donald, AZ 84920",,,,,,,,
19,Miranda Schroeder,MirandaSchroeder,Miranda.Schroeder@gmail.com,"99833 Jason Unions Suite 828 Gabrielmouth, VT 17200",,,,,,,,
28,Lori Campos,LoriCampos,Lori.Campos@gmail.com,"429 Angela Pike Apt. 389 Port Wanda, OR 44178",,,,,,,,
42,Marco Curtis,MarcoCurtis,Marco.Curtis@gmail.com,"10221 Paula Highway Suite 342 Garrisonmouth, HI 48762",,,,,,,,
7,Nicholas Howard,NicholasHoward,Nicholas.Howard@gmail.com,"970 Patel Fort Callahanland, AZ 29356",,,,,,,,
